id,sentence
0,"Sieci neuronowe stanowią jeden z najważniejszych filarów współczesnej sztucznej inteligencji, łącząc matematyczną precyzję z inspiracją biologiczną"
1,"Ich idea wywodzi się z prób zrozumienia, jak funkcjonuje ludzki mózg – najbardziej złożony znany system przetwarzania informacji"
2,"W uproszczeniu, sieć neuronowa to struktura złożona z wielu prostych elementów zwanych neuronami, które połączone są między sobą i przekazują sobie sygnały"
3,"Każdy neuron odbiera dane, przetwarza je i wysyła wynik dalej, tworząc złożony łańcuch zależności"
4,"Neurony zorganizowane są w warstwy – wejściową, ukryte oraz wyjściową, z których każda pełni odrębną funkcję w procesie uczenia"
5,"Warstwa wejściowa odbiera dane, np"
6,"piksele obrazu, dźwięk lub tekst, natomiast warstwy ukryte uczą się rozpoznawać wzorce i zależności, które nie są oczywiste dla człowieka"
7,"Wagi połączeń między neuronami decydują o tym, jak silny wpływ ma dany sygnał, a proces uczenia polega na ich modyfikacji w celu minimalizacji błędów"
8,"Najczęściej stosowaną metodą optymalizacji jest propagacja wsteczna błędu, czyli proces, w którym sieć „cofa się” od wyniku do wejścia i dostosowuje wagi na podstawie popełnionych błędów"
9,Dzięki temu mechanizmowi sieć z każdą iteracją staje się coraz lepsza w rozpoznawaniu wzorców
10,"Sieci neuronowe potrafią modelować bardzo złożone relacje między danymi, a ich możliwości rosną wraz z liczbą warstw i neuronów"
11,Takie głębokie sieci nazywa się sieciami głębokiego uczenia (deep learning)
12,"Właśnie dzięki nim sztuczna inteligencja zyskała zdolność rozumienia obrazów, mowy i języka naturalnego"
13,"Sieci konwolucyjne (CNN) rewolucjonizowały dziedzinę rozpoznawania obrazów, umożliwiając komputerom klasyfikowanie i identyfikację obiektów z precyzją zbliżoną do ludzkiej"
14,"Sieci rekurencyjne (RNN) pozwoliły analizować dane sekwencyjne, takie jak teksty, muzykę czy dane czasowe"
15,"Współczesne architektury, takie jak transformery, otworzyły nową erę w przetwarzaniu języka naturalnego, umożliwiając tworzenie modeli zdolnych do tłumaczenia, streszczania i generowania tekstów"
16,"Jednym z przełomowych osiągnięć w tej dziedzinie było wprowadzenie mechanizmu uwagi (attention), który pozwala sieciom skupiać się na najważniejszych fragmentach danych wejściowych"
17,Matematyczna natura sieci neuronowych opiera się na algebrze liniowej i rachunku różniczkowym
18,"Każda warstwa to zestaw funkcji, które przekształcają dane w coraz bardziej abstrakcyjne reprezentacje"
19,"Funkcje aktywacji, takie jak ReLU, sigmoid czy tanh, wprowadzają nieliniowość, dzięki czemu sieci potrafią uczyć się złożonych zależności"
20,"Proces uczenia wymaga dużych ilości danych oraz ogromnej mocy obliczeniowej, dlatego rozwój sieci neuronowych był możliwy dopiero dzięki nowoczesnym procesorom graficznym i rozproszonym systemom obliczeniowym"
21,"Dane, na których sieci się uczą, muszą być odpowiednio przygotowane i zbalansowane, aby uniknąć zjawiska przeuczenia, czyli sytuacji, gdy model zbyt dokładnie zapamiętuje dane treningowe i nie radzi sobie z nowymi przypadkami"
22,Zastosowania sieci neuronowych obejmują niemal wszystkie dziedziny życia
23,"W medycynie pomagają diagnozować choroby na podstawie obrazów rentgenowskich, tomografii czy rezonansu magnetycznego"
24,"W motoryzacji stanowią podstawę działania samochodów autonomicznych, analizując dane z kamer i czujników w czasie rzeczywistym"
25,W finansach prognozują trendy rynkowe i wykrywają oszustwa
26,"W rolnictwie monitorują kondycję upraw, a w meteorologii przewidują zjawiska pogodowe z niespotykaną wcześniej dokładnością"
27,"W dziedzinie sztuki generują obrazy, muzykę i poezję, łącząc kreatywność człowieka z mocą obliczeniową maszyn"
28,Jednym z najbardziej fascynujących aspektów sieci neuronowych jest ich zdolność do tzw
29,"uczenia reprezentacji – potrafią same odkrywać, które cechy danych są najistotniejsze"
30,"Dzięki temu mogą „rozumieć” kontekst, a nie tylko zapamiętywać wzorce"
31,"Jednak mimo spektakularnych sukcesów, sieci neuronowe mają swoje ograniczenia"
32,"Są często porównywane do „czarnej skrzynki” – potrafią podać wynik, ale trudno wyjaśnić, dlaczego podjęły taką, a nie inną decyzję"
33,"To rodzi pytania o zaufanie, etykę i odpowiedzialność w zastosowaniach sztucznej inteligencji"
34,"W odpowiedzi na te wyzwania rozwija się nowa dziedzina – interpretowalność modeli (explainable AI), której celem jest zrozumienie wewnętrznych mechanizmów sieci"
35,"Ważną rolę odgrywa też kwestia etyczna: kto ponosi odpowiedzialność za błędy systemów uczących się? Jak chronić prywatność danych i zapobiegać stronniczości modeli wynikającej z nierównych danych treningowych? Te pytania są dziś tak samo istotne, jak sama technologia"
36,"Sieci neuronowe stają się bowiem coraz bardziej wszechobecne – od inteligentnych asystentów głosowych, przez filtry w mediach społecznościowych, aż po systemy wojskowe i medyczne"
37,"Ich potęga budzi zarówno zachwyt, jak i niepokój"
38,Mimo tych kontrowersji rozwój sieci neuronowych trwa w oszałamiającym tempie
39,"Współczesne modele potrafią analizować miliardy parametrów i wykonywać zadania, które jeszcze dekadę temu wydawały się niemożliwe"
40,"Naukowcy eksperymentują z neuromorficznymi układami scalonymi, które naśladują sposób, w jaki mózg przetwarza informacje na poziomie elektrycznym"
41,W przyszłości mogą one zrewolucjonizować energooszczędne przetwarzanie danych i uczenie w czasie rzeczywistym
42,"Sieci neuronowe uczą się w sposób iteracyjny, co oznacza, że nieustannie poprawiają swoje wyniki wraz z kolejnymi cyklami uczenia"
43,Dzięki temu z każdą nową iteracją potrafią dostosować się do bardziej złożonych danych
44,Ta zdolność do adaptacji czyni je jednym z najpotężniejszych narzędzi współczesnej nauki i technologii
45,"Współczesna gospodarka coraz silniej opiera się na danych, a sieci neuronowe są jej nieocenionym instrumentem analitycznym"
46,"Można powiedzieć, że w XXI wieku dane stały się paliwem, a sieci neuronowe – silnikami napędzającymi rozwój cywilizacji cyfrowej"
47,"Jednak jak każdy potężny wynalazek, sieci te wymagają rozwagi, zrozumienia i odpowiedzialności"
48,"Ich przyszłość zależy nie tylko od rozwoju technologicznego, ale też od etycznego podejścia i mądrego wykorzystania"
49,"Być może nadejdzie dzień, w którym sztuczne sieci neuronowe osiągną poziom złożoności porównywalny z ludzkim mózgiem"
50,"Ale już dziś ich obecność zmienia świat – od nauki, przez przemysł, aż po codzienne życie"
51,"Sieci neuronowe są jednym z najdoskonalszych dowodów na to, że granica między naturą a technologią staje się coraz bardziej płynna"
52,"Ich rozwój jest nie tylko triumfem nauki, ale też zaproszeniem do refleksji nad tym, czym właściwie jest inteligencja"
